"Blog","Blog"
"Blog Article","Blog Article"
"Recent Posts","Recent Posts"
"Search Blog","Search Blog"
"Search","Search"
"Search posts…","Search posts…"
"No posts found.","No posts found."
"No recent posts.","No recent posts."
"View all %1 posts","View all %1 posts"
"Back to blog","Back to blog"
"This post is not available.","This post is not available."
"By %1","By %1"
"%1 min read","%1 min read"
"Share","Share"
"Copy link","Copy link"
"Previous","Previous"
"Next","Next"
"Home","Home"
"Go to Home Page","Go to Home Page"
"%1 on","%1 on"
"All","All"
"Archive","Archive"
"Blog pagination","Blog pagination"
"By","By"
"Cancel reply","Cancel reply"
"Categories:","Categories:"
"Clear","Clear"
"Comment","Comment"
"Comments","Comments"
"Copied!","Copied!"
"Email","Email"
"Exit reading mode","Exit reading mode"
"Facebook","Facebook"
"LinkedIn","LinkedIn"
"Most Viewed","Most Viewed"
"Most viewed","Most viewed"
"Name","Name"
"Newest first","Newest first"
"No blog posts are available yet.","No blog posts are available yet."
"No comments yet. Be the first to comment.","No comments yet. Be the first to comment."
"No posts matched your search.","No posts matched your search."
"No posts yet.","No posts yet."
"Oldest first","Oldest first"
"On this page","On this page"
"Page %1 of %2 (%3 posts)","Page %1 of %2 (%3 posts)"
"Preview mode: this post is not publicly published. Search engines will not index this URL.","Preview mode: this post is not publicly published. Search engines will not index this URL."
"RSS feed","RSS feed"
"Read more","Read more"
"Reading mode","Reading mode"
"Recent Comments","Recent Comments"
"Related posts","Related posts"
"Related products","Related products"
"Reply","Reply"
"Replying to","Replying to"
"Results for “%1” (%2)","Results for “%1” (%2)"
"Sort","Sort"
"Submit comment","Submit comment"
"Table of contents","Table of contents"
"Tags:","Tags:"
"Title A–Z","Title A–Z"
"Title Z–A","Title Z–A"
"Website","Website"
"X","X"
